SMILES,valid,MolWt,QED,LogP,target_query,retrieved_examples
COC1=C(SC(=C1)C(=O)O)O,True,174.177,0.7055767583650052,1.1604999999999999,EGFR inhibitor,CCO|COC1=C(C2=C(C(=C(C=C2C=C1)Br)O)C(=O)C3=CC=C(C=C3)Cl)Br|C1=CC=C(C=C1)/C(=C\[O-])/C=O
C1=CC=C(C=C1)C(=C2C(=O)C3=CC4=C3N6)CC3)OC4=CC=CC=C4C3=N2,False,,,,EGFR inhibitor,CCO|COC1=C(C2=C(C(=C(C=C2C=C1)Br)O)C(=O)C3=CC=C(C=C3)Cl)Br|C1=CC=C(C=C1)/C(=C\[O-])/C=O
C1=CC(=C(C(=C1)C=O)C)C(=O)NC2=O,False,,,,EGFR inhibitor,CCO|COC1=C(C2=C(C(=C(C=C2C=C1)Br)O)C(=O)C3=CC=C(C=C3)Cl)Br|C1=CC=C(C=C1)/C(=C\[O-])/C=O
C1=CC=C(C(=C1)C2=C(C=C3C=C3)C2=C3C=CC4=CC=CC=C4)O5,False,,,,EGFR inhibitor,CCO|COC1=C(C2=C(C(=C(C=C2C=C1)Br)O)C(=O)C3=CC=C(C=C3)Cl)Br|C1=CC=C(C=C1)/C(=C\[O-])/C=O
COC1=CC=C(C(=C1)C(=O)O)Br,True,231.045,0.8476204529344366,2.1559,EGFR inhibitor,CCO|COC1=C(C2=C(C(=C(C=C2C=C1)Br)O)C(=O)C3=CC=C(C=C3)Cl)Br|C1=CC=C(C=C1)/C(=C\[O-])/C=O
COC1=CC=CC=C1N,True,123.15499999999999,0.5706913849970715,1.2773999999999999,EGFR inhibitor,CCO|COC1=C(C2=C(C(=C(C=C2C=C1)Br)O)C(=O)C3=CC=C(C=C3)Cl)Br|C1=CC=C(C=C1)/C(=C\[O-])/C=O
C1=CC2=C(C(=C1Br)Br)C=C(O2)N(C)C2=CC=CC(=C2)OC2=CC=CC=CC2=O,True,501.17400000000026,0.3060692234498664,6.878200000000005,EGFR inhibitor,CCO|COC1=C(C2=C(C(=C(C=C2C=C1)Br)O)C(=O)C3=CC=C(C=C3)Cl)Br|C1=CC=C(C=C1)/C(=C\[O-])/C=O
COC1=CC2=C3C=C(C3=CC=CC=C31)OCCOCCOC,False,,,,EGFR inhibitor,CCO|COC1=C(C2=C(C(=C(C=C2C=C1)Br)O)C(=O)C3=CC=C(C=C3)Cl)Br|C1=CC=C(C=C1)/C(=C\[O-])/C=O
COC1=CC(=C(C(=C1)C(=O)O)O)O,True,184.147,0.59164724279586,0.8045999999999998,EGFR inhibitor,CCO|COC1=C(C2=C(C(=C(C=C2C=C1)Br)O)C(=O)C3=CC=C(C=C3)Cl)Br|C1=CC=C(C=C1)/C(=C\[O-])/C=O
COC1=CN=C(C=C1)C2=CC(=O)C3=C2NC=NC3=C2,False,,,,EGFR inhibitor,CCO|COC1=C(C2=C(C(=C(C=C2C=C1)Br)O)C(=O)C3=CC=C(C=C3)Cl)Br|C1=CC=C(C=C1)/C(=C\[O-])/C=O
COC1=C(C=CC(=C1)C(=O)C2=CC=C(C=C2)N)N,True,242.27799999999996,0.6377616075770264,2.0906,EGFR inhibitor,CCO|COC1=C(C2=C(C(=C(C=C2C=C1)Br)O)C(=O)C3=CC=C(C=C3)Cl)Br|C1=CC=C(C=C1)/C(=C\[O-])/C=O
CCOC(=O)C,True,88.106,0.43785087777866244,0.5694,EGFR inhibitor,CCO|COC1=C(C2=C(C(=C(C=C2C=C1)Br)O)C(=O)C3=CC=C(C=C3)Cl)Br|C1=CC=C(C=C1)/C(=C\[O-])/C=O
C1=CC=C(C=C1)C(=O)N(C2=CC=CC=N2)C3=CC=CC=C3,True,274.32300000000004,0.7212528477524853,4.060100000000003,EGFR inhibitor,CCO|COC1=C(C2=C(C(=C(C=C2C=C1)Br)O)C(=O)C3=CC=C(C=C3)Cl)Br|C1=CC=C(C=C1)/C(=C\[O-])/C=O
CCOC(=O)CC[C@@H]N[C@@H](C2C=CC=C2)OC,True,238.30700000000002,0.39774248257132777,1.79579,EGFR inhibitor,CCO|COC1=C(C2=C(C(=C(C=C2C=C1)Br)O)C(=O)C3=CC=C(C=C3)Cl)Br|C1=CC=C(C=C1)/C(=C\[O-])/C=O
CCO[C@H](C(=O)O)C(=O)C1=CC=CC=C1,True,208.21300000000002,0.5857911429139336,1.359,EGFR inhibitor,CCO|COC1=C(C2=C(C(=C(C=C2C=C1)Br)O)C(=O)C3=CC=C(C=C3)Cl)Br|C1=CC=C(C=C1)/C(=C\[O-])/C=O
CCOC(=O)NN,True,104.10900000000001,0.27022243048562694,-0.3937999999999999,EGFR inhibitor,CCO|COC1=C(C2=C(C(=C(C=C2C=C1)Br)O)C(=O)C3=CC=C(C=C3)Cl)Br|C1=CC=C(C=C1)/C(=C\[O-])/C=O
C1=CC(=CC(=C1)O)NN,True,124.14299999999999,0.38082578905397346,0.6778000000000001,EGFR inhibitor,CCO|COC1=C(C2=C(C(=C(C=C2C=C1)Br)O)C(=O)C3=CC=C(C=C3)Cl)Br|C1=CC=C(C=C1)/C(=C\[O-])/C=O
CCOS(=O)CC1=CC=C(C=C1)C2=CC=CC=N2,True,261.346,0.8303496413727318,2.948800000000001,EGFR inhibitor,CCO|COC1=C(C2=C(C(=C(C=C2C=C1)Br)O)C(=O)C3=CC=C(C=C3)Cl)Br|C1=CC=C(C=C1)/C(=C\[O-])/C=O
COC1=C(N=C(C(=O)NC1=O)C)C,True,182.17899999999997,0.6499459469050872,-0.24446000000000012,EGFR inhibitor,CCO|COC1=C(C2=C(C(=C(C=C2C=C1)Br)O)C(=O)C3=CC=C(C=C3)Cl)Br|C1=CC=C(C=C1)/C(=C\[O-])/C=O
C1=CC(=NCC1=O)O,True,111.09999999999998,0.4809478283666203,0.08180000000000004,EGFR inhibitor,CCO|COC1=C(C2=C(C(=C(C=C2C=C1)Br)O)C(=O)C3=CC=C(C=C3)Cl)Br|C1=CC=C(C=C1)/C(=C\[O-])/C=O
C1=CC(=CC(=C1)C(=O)N)Br,True,200.03499999999997,0.7335677023431018,1.548,EGFR inhibitor,CCO|COC1=C(C2=C(C(=C(C=C2C=C1)Br)O)C(=O)C3=CC=C(C=C3)Cl)Br|C1=CC=C(C=C1)/C(=C\[O-])/C=O
COC1=CC=C(C=C1)N2C=C(C=C2)[N+](=O)[O-],True,218.212,0.5866922312025269,2.394100000000001,EGFR inhibitor,CCO|COC1=C(C2=C(C(=C(C=C2C=C1)Br)O)C(=O)C3=CC=C(C=C3)Cl)Br|C1=CC=C(C=C1)/C(=C\[O-])/C=O
COC1=CC=CN=C1S(=O)(=O)C2=C(C(=C(C=C2)Cl)C=CO)O,True,341.772,0.8299057547036525,2.810700000000001,EGFR inhibitor,CCO|COC1=C(C2=C(C(=C(C=C2C=C1)Br)O)C(=O)C3=CC=C(C=C3)Cl)Br|C1=CC=C(C=C1)/C(=C\[O-])/C=O
CCOC(=O)C(=O)N,True,117.104,0.35475935823578986,-0.9652000000000001,EGFR inhibitor,CCO|COC1=C(C2=C(C(=C(C=C2C=C1)Br)O)C(=O)C3=CC=C(C=C3)Cl)Br|C1=CC=C(C=C1)/C(=C\[O-])/C=O
C1=CC(=CC=C1[N+](=O)[O-])C#N,True,148.12099999999998,0.44691763298907,1.46648,EGFR inhibitor,CCO|COC1=C(C2=C(C(=C(C=C2C=C1)Br)O)C(=O)C3=CC=C(C=C3)Cl)Br|C1=CC=C(C=C1)/C(=C\[O-])/C=O
CCOC(=O)C1=C(C=CC(=C1)O)OC,True,196.20199999999997,0.7454569947029016,1.5774999999999997,EGFR inhibitor,CCO|COC1=C(C2=C(C(=C(C=C2C=C1)Br)O)C(=O)C3=CC=C(C=C3)Cl)Br|C1=CC=C(C=C1)/C(=C\[O-])/C=O
CCOC(=O)C1=CN=CC=C1C(NC)C(=O)C,True,236.271,0.7754491554172022,1.1078000000000001,EGFR inhibitor,CCO|COC1=C(C2=C(C(=C(C=C2C=C1)Br)O)C(=O)C3=CC=C(C=C3)Cl)Br|C1=CC=C(C=C1)/C(=C\[O-])/C=O
COC1=CC=CC=C1C2=C(NC(=C(N2)Cl)C=O)C(=O)O,True,294.694,0.5720741014989846,1.2479999999999998,EGFR inhibitor,CCO|COC1=C(C2=C(C(=C(C=C2C=C1)Br)O)C(=O)C3=CC=C(C=C3)Cl)Br|C1=CC=C(C=C1)/C(=C\[O-])/C=O
COC1=CC=CC=C1N,True,123.15499999999999,0.5706913849970715,1.2773999999999999,EGFR inhibitor,CCO|COC1=C(C2=C(C(=C(C=C2C=C1)Br)O)C(=O)C3=CC=C(C=C3)Cl)Br|C1=CC=C(C=C1)/C(=C\[O-])/C=O
CCOC(=O)NC1=CC=CN1C(=C(C2=CC=CC(=O2)C)C)C3=CC=CN=C3,False,,,,EGFR inhibitor,CCO|COC1=C(C2=C(C(=C(C=C2C=C1)Br)O)C(=O)C3=CC=C(C=C3)Cl)Br|C1=CC=C(C=C1)/C(=C\[O-])/C=O
C1=CC=C(C=C1)C2=C(C(=O)N3C2)(C)C(=O)OCC1=O,False,,,,EGFR inhibitor,CCO|COC1=C(C2=C(C(=C(C=C2C=C1)Br)O)C(=O)C3=CC=C(C=C3)Cl)Br|C1=CC=C(C=C1)/C(=C\[O-])/C=O
C1=CC=C(C=C1)C(=C(N)C#N)C#C,True,168.19899999999998,0.5101232697304455,1.51318,EGFR inhibitor,CCO|COC1=C(C2=C(C(=C(C=C2C=C1)Br)O)C(=O)C3=CC=C(C=C3)Cl)Br|C1=CC=C(C=C1)/C(=C\[O-])/C=O
C1=CC(=CC=C1NC=O)N,True,136.15399999999997,0.4671788592824347,0.8371,EGFR inhibitor,CCO|COC1=C(C2=C(C(=C(C=C2C=C1)Br)O)C(=O)C3=CC=C(C=C3)Cl)Br|C1=CC=C(C=C1)/C(=C\[O-])/C=O
COC1=C(C=CC=C1)COC2=CC=CC3=C2NC(=O)O2,False,,,,EGFR inhibitor,CCO|COC1=C(C2=C(C(=C(C=C2C=C1)Br)O)C(=O)C3=CC=C(C=C3)Cl)Br|C1=CC=C(C=C1)/C(=C\[O-])/C=O
C1=CC=C(C=C1)N2C(=O)CC3=CC=CC3=C(C=C3N2)C=CC4=CC=CC=C42,False,,,,EGFR inhibitor,CCO|COC1=C(C2=C(C(=C(C=C2C=C1)Br)O)C(=O)C3=CC=C(C=C3)Cl)Br|C1=CC=C(C=C1)/C(=C\[O-])/C=O
COC1=C(C=C(C=C1)OC2=CC=CC=C2)C3=CC=CC=C3,True,276.335,0.6553822074031146,5.154500000000003,EGFR inhibitor,CCO|COC1=C(C2=C(C(=C(C=C2C=C1)Br)O)C(=O)C3=CC=C(C=C3)Cl)Br|C1=CC=C(C=C1)/C(=C\[O-])/C=O
COC1=CC=CC=C1CCOC(=O)C,True,194.22999999999996,0.685479050930371,1.8008,EGFR inhibitor,CCO|COC1=C(C2=C(C(=C(C=C2C=C1)Br)O)C(=O)C3=CC=C(C=C3)Cl)Br|C1=CC=C(C=C1)/C(=C\[O-])/C=O
C1=CC(=CC(=C1)C#N)[N+](=O)[O-],True,148.12099999999998,0.44691763298907,1.46648,EGFR inhibitor,CCO|COC1=C(C2=C(C(=C(C=C2C=C1)Br)O)C(=O)C3=CC=C(C=C3)Cl)Br|C1=CC=C(C=C1)/C(=C\[O-])/C=O
COC1=CC=C(C=C1)[Ti]C2=C(C=C(C=C2)C)C#N,True,271.142,0.798794189265819,1.9085999999999999,EGFR inhibitor,CCO|COC1=C(C2=C(C(=C(C=C2C=C1)Br)O)C(=O)C3=CC=C(C=C3)Cl)Br|C1=CC=C(C=C1)/C(=C\[O-])/C=O
COC1=CN=C(C=C1)OC2=CC=CC=C2,True,201.225,0.7646863942566484,2.882500000000001,EGFR inhibitor,CCO|COC1=C(C2=C(C(=C(C=C2C=C1)Br)O)C(=O)C3=CC=C(C=C3)Cl)Br|C1=CC=C(C=C1)/C(=C\[O-])/C=O
COC1=CSC=N1,True,115.157,0.5474214688398136,1.1517,EGFR inhibitor,CCO|COC1=C(C2=C(C(=C(C=C2C=C1)Br)O)C(=O)C3=CC=C(C=C3)Cl)Br|C1=CC=C(C=C1)/C(=C\[O-])/C=O
C1=CC=C(C=C1)CCCC(=O)C2=CC=CC=C2,True,224.303,0.7040168710700209,3.8922000000000025,EGFR inhibitor,CCO|COC1=C(C2=C(C(=C(C=C2C=C1)Br)O)C(=O)C3=CC=C(C=C3)Cl)Br|C1=CC=C(C=C1)/C(=C\[O-])/C=O
COC1=CC=C(C(=C1N)CI)OO,True,295.076,0.29445177599722244,2.0642,EGFR inhibitor,CCO|COC1=C(C2=C(C(=C(C=C2C=C1)Br)O)C(=O)C3=CC=C(C=C3)Cl)Br|C1=CC=C(C=C1)/C(=C\[O-])/C=O
C1=CC(=O)NS(=O)C1=CN=CC2=O,False,,,,EGFR inhibitor,CCO|COC1=C(C2=C(C(=C(C=C2C=C1)Br)O)C(=O)C3=CC=C(C=C3)Cl)Br|C1=CC=C(C=C1)/C(=C\[O-])/C=O
COC1=CC=C(C=C1)C2=CC=C(C=C2)OC3=CC=CC=C3,True,276.335,0.6553822074031145,5.154500000000004,EGFR inhibitor,CCO|COC1=C(C2=C(C(=C(C=C2C=C1)Br)O)C(=O)C3=CC=C(C=C3)Cl)Br|C1=CC=C(C=C1)/C(=C\[O-])/C=O
C1=CC=C(C=C1)CC(=CO)C(=O)NC2=CC=CC=C2,True,253.30100000000002,0.6484217780065747,3.309700000000001,EGFR inhibitor,CCO|COC1=C(C2=C(C(=C(C=C2C=C1)Br)O)C(=O)C3=CC=C(C=C3)Cl)Br|C1=CC=C(C=C1)/C(=C\[O-])/C=O
COC1=CC=C(C=C1)C2=NC3=CC=CC=C3O2,True,225.24699999999999,0.6691114128042139,3.503400000000002,EGFR inhibitor,CCO|COC1=C(C2=C(C(=C(C=C2C=C1)Br)O)C(=O)C3=CC=C(C=C3)Cl)Br|C1=CC=C(C=C1)/C(=C\[O-])/C=O
C1=CC=C(C=C1)N2C(=NN=N2)C,True,160.17999999999998,0.6239431380775247,0.9707199999999998,EGFR inhibitor,CCO|COC1=C(C2=C(C(=C(C=C2C=C1)Br)O)C(=O)C3=CC=C(C=C3)Cl)Br|C1=CC=C(C=C1)/C(=C\[O-])/C=O
COC1=C(SC2=C1CC=CC(=C2O)N=CC(=O)N)C,True,278.333,0.8287451230548615,1.96012,EGFR inhibitor,CCO|COC1=C(C2=C(C(=C(C=C2C=C1)Br)O)C(=O)C3=CC=C(C=C3)Cl)Br|C1=CC=C(C=C1)/C(=C\[O-])/C=O
CCOC(=O)C1=C(C=C(C=C1)C)C(=O)O,True,208.213,0.7699672677250303,1.86992,EGFR inhibitor,CCO|COC1=C(C2=C(C(=C(C=C2C=C1)Br)O)C(=O)C3=CC=C(C=C3)Cl)Br|C1=CC=C(C=C1)/C(=C\[O-])/C=O
CCOC(=O)C(C1=CC=C(C=C1)C2=CC=C(C=C2)NC(=S)NC)C,True,342.46400000000006,0.6366833392960627,3.9364000000000017,Serotonin receptor antagonist,CCO|COC1=C(C2=C(C(=C(C=C2C=C1)Br)O)C(=O)C3=CC=C(C=C3)Cl)Br|C1=CC=C(C=C1)/C(=C\[O-])/C=O
C1=CC(=C(C=C1N)S)[Te]C2=CC=CC=C2,True,328.89400000000006,0.48366241314643726,1.2125,Serotonin receptor antagonist,CCO|COC1=C(C2=C(C(=C(C=C2C=C1)Br)O)C(=O)C3=CC=C(C=C3)Cl)Br|C1=CC=C(C=C1)/C(=C\[O-])/C=O
CCOPC(=O)O,True,122.05999999999997,0.5734757276324493,1.2944,Serotonin receptor antagonist,CCO|COC1=C(C2=C(C(=C(C=C2C=C1)Br)O)C(=O)C3=CC=C(C=C3)Cl)Br|C1=CC=C(C=C1)/C(=C\[O-])/C=O
C1=CC=NC(=C1)OCC(=O)C2=CC=CC=C2,True,213.236,0.7316145387120286,2.3433,Serotonin receptor antagonist,CCO|COC1=C(C2=C(C(=C(C=C2C=C1)Br)O)C(=O)C3=CC=C(C=C3)Cl)Br|C1=CC=C(C=C1)/C(=C\[O-])/C=O
C1=CC=NNC(=C1)C2=CC=C(C=C2)C4=CC=CC=C4C(=O)O3,False,,,,Serotonin receptor antagonist,CCO|COC1=C(C2=C(C(=C(C=C2C=C1)Br)O)C(=O)C3=CC=C(C=C3)Cl)Br|C1=CC=C(C=C1)/C(=C\[O-])/C=O
CCOC(=O)N1CC=C1CC2,False,,,,Serotonin receptor antagonist,CCO|COC1=C(C2=C(C(=C(C=C2C=C1)Br)O)C(=O)C3=CC=C(C=C3)Cl)Br|C1=CC=C(C=C1)/C(=C\[O-])/C=O
COC1=CC=CC=C1CC2=CC=C(C=C2)OCCCCC3=CC=CC=C43,False,,,,Serotonin receptor antagonist,CCO|COC1=C(C2=C(C(=C(C=C2C=C1)Br)O)C(=O)C3=CC=C(C=C3)Cl)Br|C1=CC=C(C=C1)/C(=C\[O-])/C=O
CCOP(CC)C(CC)C,True,162.21299999999997,0.5637351297775891,3.2382000000000017,Serotonin receptor antagonist,CCO|COC1=C(C2=C(C(=C(C=C2C=C1)Br)O)C(=O)C3=CC=C(C=C3)Cl)Br|C1=CC=C(C=C1)/C(=C\[O-])/C=O
CCOC(=O)C1=CC=CC(=C1)O,True,166.176,0.6781016736351199,1.5688999999999997,Serotonin receptor antagonist,CCO|COC1=C(C2=C(C(=C(C=C2C=C1)Br)O)C(=O)C3=CC=C(C=C3)Cl)Br|C1=CC=C(C=C1)/C(=C\[O-])/C=O
C1=CC=C(C=C1)CC(=O)C2=C(C(=CN=C2C(=O)O)O)C3=CC=CC=C3,True,333.343,0.696914872787923,3.5778000000000016,Serotonin receptor antagonist,CCO|COC1=C(C2=C(C(=C(C=C2C=C1)Br)O)C(=O)C3=CC=C(C=C3)Cl)Br|C1=CC=C(C=C1)/C(=C\[O-])/C=O
CCOC(=O)OC1=CC2=C(CCC3)CC(=O)C1=O,False,,,,Serotonin receptor antagonist,CCO|COC1=C(C2=C(C(=C(C=C2C=C1)Br)O)C(=O)C3=CC=C(C=C3)Cl)Br|C1=CC=C(C=C1)/C(=C\[O-])/C=O
COC1=CC=CC=C1C2=CC=C(C=C2)C(=O)O,True,228.24699999999999,0.8777102047131828,3.0604000000000013,Serotonin receptor antagonist,CCO|COC1=C(C2=C(C(=C(C=C2C=C1)Br)O)C(=O)C3=CC=C(C=C3)Cl)Br|C1=CC=C(C=C1)/C(=C\[O-])/C=O
C1=CC=C(C=C1)N=[N+]=[N-],True,119.127,0.3097305010069682,2.628400000000001,Serotonin receptor antagonist,CCO|COC1=C(C2=C(C(=C(C=C2C=C1)Br)O)C(=O)C3=CC=C(C=C3)Cl)Br|C1=CC=C(C=C1)/C(=C\[O-])/C=O
C1=CC(=C(C=C1I)[N+](=O)[O-])C(=O)C2=CC=CC=C2,True,353.11500000000007,0.36767987525981055,3.4304000000000023,Serotonin receptor antagonist,CCO|COC1=C(C2=C(C(=C(C=C2C=C1)Br)O)C(=O)C3=CC=C(C=C3)Cl)Br|C1=CC=C(C=C1)/C(=C\[O-])/C=O
COC1=CC2=C3C=CC=C3C2OC6=CC=CC=C6[N+](=O)[O-],False,,,,Serotonin receptor antagonist,CCO|COC1=C(C2=C(C(=C(C=C2C=C1)Br)O)C(=O)C3=CC=C(C=C3)Cl)Br|C1=CC=C(C=C1)/C(=C\[O-])/C=O
COC1=C(N=NC(=N1)N1)C,False,,,,Serotonin receptor antagonist,CCO|COC1=C(C2=C(C(=C(C=C2C=C1)Br)O)C(=O)C3=CC=C(C=C3)Cl)Br|C1=CC=C(C=C1)/C(=C\[O-])/C=O
CCOC(=O)CCCC1=CC2=C(C(=C1)OC)C(=O)C3=CC=CC=N3,False,,,,Serotonin receptor antagonist,CCO|COC1=C(C2=C(C(=C(C=C2C=C1)Br)O)C(=O)C3=CC=C(C=C3)Cl)Br|C1=CC=C(C=C1)/C(=C\[O-])/C=O
C1=CC=C(C=C1)N=[2+],False,,,,Serotonin receptor antagonist,CCO|COC1=C(C2=C(C(=C(C=C2C=C1)Br)O)C(=O)C3=CC=C(C=C3)Cl)Br|C1=CC=C(C=C1)/C(=C\[O-])/C=O
C1=CC=C(C=C1)C2=CC=C(C=C2)C(=O)C4=CC=CC=C44,False,,,,Serotonin receptor antagonist,CCO|COC1=C(C2=C(C(=C(C=C2C=C1)Br)O)C(=O)C3=CC=C(C=C3)Cl)Br|C1=CC=C(C=C1)/C(=C\[O-])/C=O
COC1=CC=C(C=C1)N2C(=O)C3=CC=CC=C3CO2,True,255.27299999999997,0.8278756810674625,2.7872000000000012,Serotonin receptor antagonist,CCO|COC1=C(C2=C(C(=C(C=C2C=C1)Br)O)C(=O)C3=CC=C(C=C3)Cl)Br|C1=CC=C(C=C1)/C(=C\[O-])/C=O
COC1=CC=C(C=C1)C(=O)OC2=CC=CC=C2,True,228.24699999999999,0.5981921272767509,2.9144000000000014,Serotonin receptor antagonist,CCO|COC1=C(C2=C(C(=C(C=C2C=C1)Br)O)C(=O)C3=CC=C(C=C3)Cl)Br|C1=CC=C(C=C1)/C(=C\[O-])/C=O
CCOC(=O)N1C(=NC(=S)[N+](=O)[Pe]C,False,,,,Serotonin receptor antagonist,CCO|COC1=C(C2=C(C(=C(C=C2C=C1)Br)O)C(=O)C3=CC=C(C=C3)Cl)Br|C1=CC=C(C=C1)/C(=C\[O-])/C=O
COC1=CC(=C(C=C1)C#N)[N+](=O)[O-]OCl,False,,,,Serotonin receptor antagonist,CCO|COC1=C(C2=C(C(=C(C=C2C=C1)Br)O)C(=O)C3=CC=C(C=C3)Cl)Br|C1=CC=C(C=C1)/C(=C\[O-])/C=O
C1=CC=C(C=C1)C2=CC(=CC=C2)C3=CC4=C(C=C3)OC,False,,,,Serotonin receptor antagonist,CCO|COC1=C(C2=C(C(=C(C=C2C=C1)Br)O)C(=O)C3=CC=C(C=C3)Cl)Br|C1=CC=C(C=C1)/C(=C\[O-])/C=O
C1=CC=[N+](C=C1)C(=O)C2=CC=C(C=C2)C(=C)C(=O)NC,True,267.308,0.6752059428560494,1.4218,Serotonin receptor antagonist,CCO|COC1=C(C2=C(C(=C(C=C2C=C1)Br)O)C(=O)C3=CC=C(C=C3)Cl)Br|C1=CC=C(C=C1)/C(=C\[O-])/C=O
CCOC(=O)C1=CC=C(C(=C1)OC2=CC=CC=C2-)N3C(=O)C(=CC=C2O)OC,False,,,,Serotonin receptor antagonist,CCO|COC1=C(C2=C(C(=C(C=C2C=C1)Br)O)C(=O)C3=CC=C(C=C3)Cl)Br|C1=CC=C(C=C1)/C(=C\[O-])/C=O
C1=CC=C2C3=CC=CC3=C2C(=C1S)OCO[2H],True,231.29410177799994,0.576687639422658,2.3968000000000007,Serotonin receptor antagonist,CCO|COC1=C(C2=C(C(=C(C=C2C=C1)Br)O)C(=O)C3=CC=C(C=C3)Cl)Br|C1=CC=C(C=C1)/C(=C\[O-])/C=O
CCOC(=O)[O-],True,89.07,0.40155631826112376,-0.6338000000000001,Serotonin receptor antagonist,CCO|COC1=C(C2=C(C(=C(C=C2C=C1)Br)O)C(=O)C3=CC=C(C=C3)Cl)Br|C1=CC=C(C=C1)/C(=C\[O-])/C=O
C1=CC=C(C=C1)C2=CC=C(C=C2)OC3=CC=CC=C3CCN4Cl,False,,,,Serotonin receptor antagonist,CCO|COC1=C(C2=C(C(=C(C=C2C=C1)Br)O)C(=O)C3=CC=C(C=C3)Cl)Br|C1=CC=C(C=C1)/C(=C\[O-])/C=O
C1=CC=C(C=C1)CC(=O)C(=O)NN,True,178.19099999999997,0.2909154545342348,-0.2119000000000001,Serotonin receptor antagonist,CCO|COC1=C(C2=C(C(=C(C=C2C=C1)Br)O)C(=O)C3=CC=C(C=C3)Cl)Br|C1=CC=C(C=C1)/C(=C\[O-])/C=O
C1=CC=C(C=C1)C2=NC3=CC=CC=C3S2,True,211.289,0.593310861464435,3.963300000000001,Serotonin receptor antagonist,CCO|COC1=C(C2=C(C(=C(C=C2C=C1)Br)O)C(=O)C3=CC=C(C=C3)Cl)Br|C1=CC=C(C=C1)/C(=C\[O-])/C=O
COC1=CC=C(C=C1)C(=N2)C3=CC=CC=C3,False,,,,Serotonin receptor antagonist,CCO|COC1=C(C2=C(C(=C(C=C2C=C1)Br)O)C(=O)C3=CC=C(C=C3)Cl)Br|C1=CC=C(C=C1)/C(=C\[O-])/C=O
COC1=CC=CC2=C1C(=O)OC3=C(C2=O)C=C(C=C3)OCC(=O)C4=CC=CC=CO,False,,,,Serotonin receptor antagonist,CCO|COC1=C(C2=C(C(=C(C=C2C=C1)Br)O)C(=O)C3=CC=C(C=C3)Cl)Br|C1=CC=C(C=C1)/C(=C\[O-])/C=O
COC1=CC=CC(=C1)OC2=CC=CC=C2.[Si2](Br)C#N,False,,,,Serotonin receptor antagonist,CCO|COC1=C(C2=C(C(=C(C=C2C=C1)Br)O)C(=O)C3=CC=C(C=C3)Cl)Br|C1=CC=C(C=C1)/C(=C\[O-])/C=O
CCOP(OCC)C,True,136.131,0.5501003767908914,2.0011,Serotonin receptor antagonist,CCO|COC1=C(C2=C(C(=C(C=C2C=C1)Br)O)C(=O)C3=CC=C(C=C3)Cl)Br|C1=CC=C(C=C1)/C(=C\[O-])/C=O
C1=CC(=O)NC1=OP(O)(O)O)O,False,,,,Serotonin receptor antagonist,CCO|COC1=C(C2=C(C(=C(C=C2C=C1)Br)O)C(=O)C3=CC=C(C=C3)Cl)Br|C1=CC=C(C=C1)/C(=C\[O-])/C=O
CCOC(=O)C1=C(C=CC=C1)C2=NC3=C(C=CC=C3N2)C,True,280.327,0.7439133077437056,3.7150200000000018,Serotonin receptor antagonist,CCO|COC1=C(C2=C(C(=C(C=C2C=C1)Br)O)C(=O)C3=CC=C(C=C3)Cl)Br|C1=CC=C(C=C1)/C(=C\[O-])/C=O
C1=CC(=CC=C1C(=O)N)N=C=NC2=CC=CC=C2,True,237.262,0.8191232102950463,2.922600000000001,Serotonin receptor antagonist,CCO|COC1=C(C2=C(C(=C(C=C2C=C1)Br)O)C(=O)C3=CC=C(C=C3)Cl)Br|C1=CC=C(C=C1)/C(=C\[O-])/C=O
COC1=CC=CC=C1C=O,True,136.14999999999998,0.575816465118545,1.5076999999999998,Serotonin receptor antagonist,CCO|COC1=C(C2=C(C(=C(C=C2C=C1)Br)O)C(=O)C3=CC=C(C=C3)Cl)Br|C1=CC=C(C=C1)/C(=C\[O-])/C=O
COC1=CC=C(C=C1)C2=CC=C3C(=O)C3=CC=CC=C3O2,False,,,,Serotonin receptor antagonist,CCO|COC1=C(C2=C(C(=C(C=C2C=C1)Br)O)C(=O)C3=CC=C(C=C3)Cl)Br|C1=CC=C(C=C1)/C(=C\[O-])/C=O
C1=CC(=CC(=C1)C(=O)O)C#N,True,147.13299999999998,0.6498807940213297,1.25648,Serotonin receptor antagonist,CCO|COC1=C(C2=C(C(=C(C=C2C=C1)Br)O)C(=O)C3=CC=C(C=C3)Cl)Br|C1=CC=C(C=C1)/C(=C\[O-])/C=O
COC1=CC=CN1C2=CC=CC=C2C3=CC=CC=C3,True,249.31300000000002,0.6797191801984003,4.1529000000000025,Serotonin receptor antagonist,CCO|COC1=C(C2=C(C(=C(C=C2C=C1)Br)O)C(=O)C3=CC=C(C=C3)Cl)Br|C1=CC=C(C=C1)/C(=C\[O-])/C=O
C1=CC(=CC=C1C=O)O,True,122.12299999999996,0.5681374031144323,1.2046999999999997,Serotonin receptor antagonist,CCO|COC1=C(C2=C(C(=C(C=C2C=C1)Br)O)C(=O)C3=CC=C(C=C3)Cl)Br|C1=CC=C(C=C1)/C(=C\[O-])/C=O
COC1=CC=C(C=C1)P(=O)(C2=CC=CC=C2)C,True,246.24599999999998,0.7781154512532543,2.6389000000000005,Serotonin receptor antagonist,CCO|COC1=C(C2=C(C(=C(C=C2C=C1)Br)O)C(=O)C3=CC=C(C=C3)Cl)Br|C1=CC=C(C=C1)/C(=C\[O-])/C=O
COC1=CC=C(C=C1)S(=O)(=O)(=O)[O-],False,,,,Serotonin receptor antagonist,CCO|COC1=C(C2=C(C(=C(C=C2C=C1)Br)O)C(=O)C3=CC=C(C=C3)Cl)Br|C1=CC=C(C=C1)/C(=C\[O-])/C=O
CCOS(=O)(=O)[O-]N,False,,,,Serotonin receptor antagonist,CCO|COC1=C(C2=C(C(=C(C=C2C=C1)Br)O)C(=O)C3=CC=C(C=C3)Cl)Br|C1=CC=C(C=C1)/C(=C\[O-])/C=O
C1=CC=C(C=C1)C2=NC3=CC=CC=C3S2,True,211.289,0.593310861464435,3.963300000000001,Serotonin receptor antagonist,CCO|COC1=C(C2=C(C(=C(C=C2C=C1)Br)O)C(=O)C3=CC=C(C=C3)Cl)Br|C1=CC=C(C=C1)/C(=C\[O-])/C=O
COC1=CC=C(C=C1)S(=O)(=O)N2CCCC2,True,241.31199999999993,0.8049503403847187,1.4797,Serotonin receptor antagonist,CCO|COC1=C(C2=C(C(=C(C=C2C=C1)Br)O)C(=O)C3=CC=C(C=C3)Cl)Br|C1=CC=C(C=C1)/C(=C\[O-])/C=O
CCOP(=O)=O,True,108.03299999999999,0.4973631495695066,1.1108,Serotonin receptor antagonist,CCO|COC1=C(C2=C(C(=C(C=C2C=C1)Br)O)C(=O)C3=CC=C(C=C3)Cl)Br|C1=CC=C(C=C1)/C(=C\[O-])/C=O
CCOC(=O)NN,True,104.10900000000001,0.27022243048562694,-0.3937999999999999,Serotonin receptor antagonist,CCO|COC1=C(C2=C(C(=C(C=C2C=C1)Br)O)C(=O)C3=CC=C(C=C3)Cl)Br|C1=CC=C(C=C1)/C(=C\[O-])/C=O
C1=CC(=CN=C1)C2=CC=CC=C2,True,155.2,0.6166619296375706,2.7486000000000006,Cyclooxygenase-2 inhibitor,CCO|COC1=C(C2=C(C(=C(C=C2C=C1)Br)O)C(=O)C3=CC=C(C=C3)Cl)Br|C1=CC=C(C=C1)/C(=C\[O-])/C=O
C1=CC=C(C=C1)C(=O)C2=C(N=C3C=C2)Cl,False,,,,Cyclooxygenase-2 inhibitor,CCO|COC1=C(C2=C(C(=C(C=C2C=C1)Br)O)C(=O)C3=CC=C(C=C3)Cl)Br|C1=CC=C(C=C1)/C(=C\[O-])/C=O
COC1=C(C=C(C=C1)C2=CC=CC=C2)C(=O)C3=CC=C(C=C3)O,True,304.345,0.7310176396388154,4.298800000000003,Cyclooxygenase-2 inhibitor,CCO|COC1=C(C2=C(C(=C(C=C2C=C1)Br)O)C(=O)C3=CC=C(C=C3)Cl)Br|C1=CC=C(C=C1)/C(=C\[O-])/C=O
C1=CC(=CC=C1N2NN=C2)C(=O)O,True,177.163,0.715370341264102,0.8985999999999998,Cyclooxygenase-2 inhibitor,CCO|COC1=C(C2=C(C(=C(C=C2C=C1)Br)O)C(=O)C3=CC=C(C=C3)Cl)Br|C1=CC=C(C=C1)/C(=C\[O-])/C=O
CCOC(=O)OCC,True,118.13199999999999,0.5105361098562152,1.1794,Cyclooxygenase-2 inhibitor,CCO|COC1=C(C2=C(C(=C(C=C2C=C1)Br)O)C(=O)C3=CC=C(C=C3)Cl)Br|C1=CC=C(C=C1)/C(=C\[O-])/C=O
COC1=CC=C(C=C1)S(=O)(=O)CCl,True,220.67699999999996,0.7281833974001736,1.6652,Cyclooxygenase-2 inhibitor,CCO|COC1=C(C2=C(C(=C(C=C2C=C1)Br)O)C(=O)C3=CC=C(C=C3)Cl)Br|C1=CC=C(C=C1)/C(=C\[O-])/C=O
CCOC(=O)C1=CC=CC=C1,True,150.177,0.601336802799046,1.8633,Cyclooxygenase-2 inhibitor,CCO|COC1=C(C2=C(C(=C(C=C2C=C1)Br)O)C(=O)C3=CC=C(C=C3)Cl)Br|C1=CC=C(C=C1)/C(=C\[O-])/C=O
COC1=CC=C(C=C1)P(C2=CC=CC=C2)O,True,232.219,0.8204107480141832,2.0352,Cyclooxygenase-2 inhibitor,CCO|COC1=C(C2=C(C(=C(C=C2C=C1)Br)O)C(=O)C3=CC=C(C=C3)Cl)Br|C1=CC=C(C=C1)/C(=C\[O-])/C=O
C1=CC=C2C(=C1)C(=O)C(=O)C3=CC=C(C=C3N=C2Cl)C(=O)O,True,313.696,0.6975647619945449,2.46,Cyclooxygenase-2 inhibitor,CCO|COC1=C(C2=C(C(=C(C=C2C=C1)Br)O)C(=O)C3=CC=C(C=C3)Cl)Br|C1=CC=C(C=C1)/C(=C\[O-])/C=O
COC1=CC=CC=C1C2=CC=CC=C2,True,184.238,0.6949649441287624,3.3622000000000014,Cyclooxygenase-2 inhibitor,CCO|COC1=C(C2=C(C(=C(C=C2C=C1)Br)O)C(=O)C3=CC=C(C=C3)Cl)Br|C1=CC=C(C=C1)/C(=C\[O-])/C=O
CCOC(=O)[O-],True,89.07,0.40155631826112376,-0.6338000000000001,Cyclooxygenase-2 inhibitor,CCO|COC1=C(C2=C(C(=C(C=C2C=C1)Br)O)C(=O)C3=CC=C(C=C3)Cl)Br|C1=CC=C(C=C1)/C(=C\[O-])/C=O
COC1=CC=CN=C1,True,109.12799999999999,0.5381831574540579,1.0901999999999998,Cyclooxygenase-2 inhibitor,CCO|COC1=C(C2=C(C(=C(C=C2C=C1)Br)O)C(=O)C3=CC=C(C=C3)Cl)Br|C1=CC=C(C=C1)/C(=C\[O-])/C=O
COC1=CC(=O)NCC1=P(S)(SC2=CC(=C(C=C2)C(C)N)(C3=CC=CC=C3)C3=CC=CC=C,False,,,,Cyclooxygenase-2 inhibitor,CCO|COC1=C(C2=C(C(=C(C=C2C=C1)Br)O)C(=O)C3=CC=C(C=C3)Cl)Br|C1=CC=C(C=C1)/C(=C\[O-])/C=O
C1=CC=C(C=C1)NC(=O)C3=C(C(=CC=C3)N(C4=CC=CN=C4C4=CC=CC(=O)O)O)C(=,False,,,,Cyclooxygenase-2 inhibitor,CCO|COC1=C(C2=C(C(=C(C=C2C=C1)Br)O)C(=O)C3=CC=C(C=C3)Cl)Br|C1=CC=C(C=C1)/C(=C\[O-])/C=O
CCOC(=O)NC,True,103.121,0.5200823417395937,0.3623,Cyclooxygenase-2 inhibitor,CCO|COC1=C(C2=C(C(=C(C=C2C=C1)Br)O)C(=O)C3=CC=C(C=C3)Cl)Br|C1=CC=C(C=C1)/C(=C\[O-])/C=O
COC1=CC=C(C=C1)C(=O)NO,True,167.164,0.5059427866629477,0.8141999999999998,Cyclooxygenase-2 inhibitor,CCO|COC1=C(C2=C(C(=C(C=C2C=C1)Br)O)C(=O)C3=CC=C(C=C3)Cl)Br|C1=CC=C(C=C1)/C(=C\[O-])/C=O
C1=CC(=C(C=C1F)F)C(=O)O,True,158.103,0.6743497643611196,1.6629999999999998,Cyclooxygenase-2 inhibitor,CCO|COC1=C(C2=C(C(=C(C=C2C=C1)Br)O)C(=O)C3=CC=C(C=C3)Cl)Br|C1=CC=C(C=C1)/C(=C\[O-])/C=O
COC1=CC=C(C=C1)C=O,True,136.14999999999998,0.575816465118545,1.5076999999999998,Cyclooxygenase-2 inhibitor,CCO|COC1=C(C2=C(C(=C(C=C2C=C1)Br)O)C(=O)C3=CC=C(C=C3)Cl)Br|C1=CC=C(C=C1)/C(=C\[O-])/C=O
COC1=CC=CC=C1NC(=O)C(=O)C,True,193.20199999999997,0.7341831084741115,1.2227,Cyclooxygenase-2 inhibitor,CCO|COC1=C(C2=C(C(=C(C=C2C=C1)Br)O)C(=O)C3=CC=C(C=C3)Cl)Br|C1=CC=C(C=C1)/C(=C\[O-])/C=O
COC1=CC=C(C=C1)S(=O)(=O)C(=O)N,True,215.22999999999996,0.7798993977524348,0.5476000000000002,Cyclooxygenase-2 inhibitor,CCO|COC1=C(C2=C(C(=C(C=C2C=C1)Br)O)C(=O)C3=CC=C(C=C3)Cl)Br|C1=CC=C(C=C1)/C(=C\[O-])/C=O
C1=CC=C(C=C1)N(C(=O)C)N2C=CC=C2C(=O)C3=CC=CC=C3,True,304.349,0.6919234033015006,3.535300000000002,Cyclooxygenase-2 inhibitor,CCO|COC1=C(C2=C(C(=C(C=C2C=C1)Br)O)C(=O)C3=CC=C(C=C3)Cl)Br|C1=CC=C(C=C1)/C(=C\[O-])/C=O
C1=CC=C(C=C1)C(=CC(=O)C2=CC=C(C=C2)N)NC3=CC=CC=C3S2,False,,,,Cyclooxygenase-2 inhibitor,CCO|COC1=C(C2=C(C(=C(C=C2C=C1)Br)O)C(=O)C3=CC=C(C=C3)Cl)Br|C1=CC=C(C=C1)/C(=C\[O-])/C=O
CCOC1=CC=CC=C1NC2=CC=CC3=CC3=CC=CC=C3C2=O,False,,,,Cyclooxygenase-2 inhibitor,CCO|COC1=C(C2=C(C(=C(C=C2C=C1)Br)O)C(=O)C3=CC=C(C=C3)Cl)Br|C1=CC=C(C=C1)/C(=C\[O-])/C=O
COC1=CC(=C(C(=C1)[N+](=O)[O-])CBr)C(()C,False,,,,Cyclooxygenase-2 inhibitor,CCO|COC1=C(C2=C(C(=C(C=C2C=C1)Br)O)C(=O)C3=CC=C(C=C3)Cl)Br|C1=CC=C(C=C1)/C(=C\[O-])/C=O
C1=CC(=C(C=C1N)C(=O)C)[O-],True,150.15699999999998,0.46911615738459395,0.5449999999999999,Cyclooxygenase-2 inhibitor,CCO|COC1=C(C2=C(C(=C(C=C2C=C1)Br)O)C(=O)C3=CC=C(C=C3)Cl)Br|C1=CC=C(C=C1)/C(=C\[O-])/C=O
COC1=CC2=CC3=CC=CC=C3N=C2S1(=O)=O,True,247.27499999999998,0.7726741874500365,1.9669,Cyclooxygenase-2 inhibitor,CCO|COC1=C(C2=C(C(=C(C=C2C=C1)Br)O)C(=O)C3=CC=C(C=C3)Cl)Br|C1=CC=C(C=C1)/C(=C\[O-])/C=O
C1=CC2=C(C=C1Cl)OC3(C2=CNC(F)(F)F)O,False,,,,Cyclooxygenase-2 inhibitor,CCO|COC1=C(C2=C(C(=C(C=C2C=C1)Br)O)C(=O)C3=CC=C(C=C3)Cl)Br|C1=CC=C(C=C1)/C(=C\[O-])/C=O
CCOC(=O)C1=NC=C(C=C1)CC#N,True,190.202,0.674203280702612,1.3243800000000001,Cyclooxygenase-2 inhibitor,CCO|COC1=C(C2=C(C(=C(C=C2C=C1)Br)O)C(=O)C3=CC=C(C=C3)Cl)Br|C1=CC=C(C=C1)/C(=C\[O-])/C=O
C1=CC=C(C=C1)[Te]C2(C2=CC(=C3C=CC=C2)[N+](=O)[O-])OC,False,,,,Cyclooxygenase-2 inhibitor,CCO|COC1=C(C2=C(C(=C(C=C2C=C1)Br)O)C(=O)C3=CC=C(C=C3)Cl)Br|C1=CC=C(C=C1)/C(=C\[O-])/C=O
COC1=COC=N1,True,99.089,0.5190115089512387,0.6831999999999999,Cyclooxygenase-2 inhibitor,CCO|COC1=C(C2=C(C(=C(C=C2C=C1)Br)O)C(=O)C3=CC=C(C=C3)Cl)Br|C1=CC=C(C=C1)/C(=C\[O-])/C=O
CCON(C)C1=CC=CC=C1C=C(C2=CC=CC=C2)C,True,267.372,0.5779932101775715,4.634800000000004,Cyclooxygenase-2 inhibitor,CCO|COC1=C(C2=C(C(=C(C=C2C=C1)Br)O)C(=O)C3=CC=C(C=C3)Cl)Br|C1=CC=C(C=C1)/C(=C\[O-])/C=O
COC1=NC=CS1,True,115.15699999999998,0.5474214688398136,1.1517,Cyclooxygenase-2 inhibitor,CCO|COC1=C(C2=C(C(=C(C=C2C=C1)Br)O)C(=O)C3=CC=C(C=C3)Cl)Br|C1=CC=C(C=C1)/C(=C\[O-])/C=O
COC1=CC=C(C=C1)OC,True,138.16599999999997,0.6189113153967103,1.7038,Cyclooxygenase-2 inhibitor,CCO|COC1=C(C2=C(C(=C(C=C2C=C1)Br)O)C(=O)C3=CC=C(C=C3)Cl)Br|C1=CC=C(C=C1)/C(=C\[O-])/C=O
CCOC(=O)C1=CC(=O)C2=C(S1)C(=CC2=C1C=CC=C2)OC2=NC=C(C=C2)C(=O)O,False,,,,Cyclooxygenase-2 inhibitor,CCO|COC1=C(C2=C(C(=C(C=C2C=C1)Br)O)C(=O)C3=CC=C(C=C3)Cl)Br|C1=CC=C(C=C1)/C(=C\[O-])/C=O
CCOC(=O)C1=CC=C(C(=C1)O)C,True,180.20299999999997,0.7066040461088284,1.8773199999999999,Cyclooxygenase-2 inhibitor,CCO|COC1=C(C2=C(C(=C(C=C2C=C1)Br)O)C(=O)C3=CC=C(C=C3)Cl)Br|C1=CC=C(C=C1)/C(=C\[O-])/C=O
CCOP(=O)(OP(OC)OCC)OC,True,246.13599999999994,0.6133178325801615,2.703800000000001,Cyclooxygenase-2 inhibitor,CCO|COC1=C(C2=C(C(=C(C=C2C=C1)Br)O)C(=O)C3=CC=C(C=C3)Cl)Br|C1=CC=C(C=C1)/C(=C\[O-])/C=O
CCOC(=O)C1=CC=C(C=C1)S(=O)(=O)N,True,229.25699999999998,0.7649425943786881,0.5107000000000003,Cyclooxygenase-2 inhibitor,CCO|COC1=C(C2=C(C(=C(C=C2C=C1)Br)O)C(=O)C3=CC=C(C=C3)Cl)Br|C1=CC=C(C=C1)/C(=C\[O-])/C=O
C1=CC=C2C(=C3)C=CC=C1C(=O)N(C2=O)C4=CC=CC(=O)NC3=CC=CC=C3,False,,,,Cyclooxygenase-2 inhibitor,CCO|COC1=C(C2=C(C(=C(C=C2C=C1)Br)O)C(=O)C3=CC=C(C=C3)Cl)Br|C1=CC=C(C=C1)/C(=C\[O-])/C=O
CCOC(=S)C1=CN=CC=C1,True,167.233,0.6268824006426323,1.7936,Cyclooxygenase-2 inhibitor,CCO|COC1=C(C2=C(C(=C(C=C2C=C1)Br)O)C(=O)C3=CC=C(C=C3)Cl)Br|C1=CC=C(C=C1)/C(=C\[O-])/C=O
COC1=C(C=CC(=C1)O)CC#N,True,163.17599999999996,0.7177276488760004,1.4668799999999997,Cyclooxygenase-2 inhibitor,CCO|COC1=C(C2=C(C(=C(C=C2C=C1)Br)O)C(=O)C3=CC=C(C=C3)Cl)Br|C1=CC=C(C=C1)/C(=C\[O-])/C=O
CCOC(=O)C1=CC2=C(C=C1)C(=O)N2,True,191.186,0.7191966579733061,1.429,Cyclooxygenase-2 inhibitor,CCO|COC1=C(C2=C(C(=C(C=C2C=C1)Br)O)C(=O)C3=CC=C(C=C3)Cl)Br|C1=CC=C(C=C1)/C(=C\[O-])/C=O
CCOC(=O)C1=NCCC(=O)N1,True,170.168,0.5661719108778581,-0.5321,Cyclooxygenase-2 inhibitor,CCO|COC1=C(C2=C(C(=C(C=C2C=C1)Br)O)C(=O)C3=CC=C(C=C3)Cl)Br|C1=CC=C(C=C1)/C(=C\[O-])/C=O
COC1=CC=C(C=C1)NC(=O)C,True,165.19199999999998,0.7232129256008615,1.6535999999999997,Cyclooxygenase-2 inhibitor,CCO|COC1=C(C2=C(C(=C(C=C2C=C1)Br)O)C(=O)C3=CC=C(C=C3)Cl)Br|C1=CC=C(C=C1)/C(=C\[O-])/C=O
CCOC(=O)N1C(=O)NC(=O)C1=NC2=C(S1)C=CC3=C2CCCC4,False,,,,Cyclooxygenase-2 inhibitor,CCO|COC1=C(C2=C(C(=C(C=C2C=C1)Br)O)C(=O)C3=CC=C(C=C3)Cl)Br|C1=CC=C(C=C1)/C(=C\[O-])/C=O
C1=CC=C2C(=C1)N=NN2,True,119.127,0.5607362152362961,0.9578999999999995,Cyclooxygenase-2 inhibitor,CCO|COC1=C(C2=C(C(=C(C=C2C=C1)Br)O)C(=O)C3=CC=C(C=C3)Cl)Br|C1=CC=C(C=C1)/C(=C\[O-])/C=O
CCOC(=O)C1=CN=CN=C1NC(=O)NC2=CC=CC=C2,True,286.291,0.8410608442679064,2.2973,Cyclooxygenase-2 inhibitor,CCO|COC1=C(C2=C(C(=C(C=C2C=C1)Br)O)C(=O)C3=CC=C(C=C3)Cl)Br|C1=CC=C(C=C1)/C(=C\[O-])/C=O
COC1=CC=CC=C1[N+](=O)[O-],True,153.13699999999997,0.4786228959968397,1.6033999999999997,Cyclooxygenase-2 inhibitor,CCO|COC1=C(C2=C(C(=C(C=C2C=C1)Br)O)C(=O)C3=CC=C(C=C3)Cl)Br|C1=CC=C(C=C1)/C(=C\[O-])/C=O
COC1=CC=C(C=C1)C2=CC=C(C=C2)CO,True,214.26399999999998,0.8508829790092038,2.854500000000001,Cyclooxygenase-2 inhibitor,CCO|COC1=C(C2=C(C(=C(C=C2C=C1)Br)O)C(=O)C3=CC=C(C=C3)Cl)Br|C1=CC=C(C=C1)/C(=C\[O-])/C=O
CCOC1=CC=CS(=C2)C=N1,False,,,,Cyclooxygenase-2 inhibitor,CCO|COC1=C(C2=C(C(=C(C=C2C=C1)Br)O)C(=O)C3=CC=C(C=C3)Cl)Br|C1=CC=C(C=C1)/C(=C\[O-])/C=O
C1=CC=C(C=C(C2=C1Br)C=CC3=CC=CC=C3O2)O,True,315.16600000000005,0.6236769386115382,5.130100000000002,Cyclooxygenase-2 inhibitor,CCO|COC1=C(C2=C(C(=C(C=C2C=C1)Br)O)C(=O)C3=CC=C(C=C3)Cl)Br|C1=CC=C(C=C1)/C(=C\[O-])/C=O
